id,first_name,last_name,email,gender,ip_address
1,Cassey,Trimble,ctrimble0@1und1.de,Female,219.82.92.140
2,Ruth,Wallace,rwallace1@mashable.com,Female,212.41.116.191
3,Ab,Bessett,abessett2@msu.edu,Male,58.190.154.151
4,Glynda,Petrushka,gpetrushka3@nbcnews.com,Female,156.251.203.72
5,Dwight,Pury,dpury4@linkedin.com,Male,97.112.0.137
6,Lulu,Cofax,lcofax5@oakley.com,Female,132.194.75.254
7,Fergus,Veryard,fveryard6@wp.com,Genderfluid,180.223.231.158
8,Donalt,Puttergill,dputtergill7@google.ca,Male,80.178.26.87
9,Margarete,Vane,mvane8@exblog.jp,Female,234.221.213.204
10,Nye,Bollini,nbollini9@blinklist.com,Male,25.2.94.0
11,Byram,Smiz,bsmiza@hexun.com,Male,156.40.151.41
12,Berte,Paramore,bparamoreb@about.com,Female,41.121.237.29
13,Janette,Rutherford,jrutherfordc@hp.com,Female,29.252.178.246
14,Emma,Ughi,eughid@digg.com,Female,96.86.160.46
15,Cristine,Dovydenas,cdovydenase@nydailynews.com,Female,43.161.163.14
16,Ginger,Roch,grochf@samsung.com,Male,164.88.11.207
17,Herb,Thornborrow,hthornborrowg@t.co,Male,237.131.23.193
18,Leonhard,Klesl,lkleslh@google.nl,Male,83.162.49.99
19,Freddie,Battyll,fbattylli@github.com,Female,196.89.112.93
20,Adriane,Worley,aworleyj@pbs.org,Female,219.163.216.41
21,Stanley,Yarnell,syarnellk@imdb.com,Male,139.165.210.155
22,Gabby,Scandroot,gscandrootl@opera.com,Male,117.217.129.245
23,Aura,Colley,acolleym@wikipedia.org,Female,242.167.14.184
24,Elberta,Hurlin,ehurlinn@vimeo.com,Female,33.79.245.55
25,Zorina,Tommasuzzi,ztommasuzzio@bloglovin.com,Female,30.238.186.201
26,Pattin,Esel,peselp@com.com,Male,37.226.85.118
27,Sebastiano,Duffan,sduffanq@diigo.com,Male,91.222.247.147
28,Abigael,Gimlet,agimletr@plala.or.jp,Female,81.127.199.30
29,Fidole,Folkerts,ffolkertss@issuu.com,Male,241.94.203.101
30,Weidar,Son,wsont@is.gd,Male,3.208.113.96
31,Bartlett,Tuite,btuiteu@symantec.com,Genderqueer,128.131.97.51
32,Alyce,Van Dalen,avandalenv@wikispaces.com,Female,239.71.79.109
33,Lilah,Duesberry,lduesberryw@kickstarter.com,Female,196.238.22.38
34,Padriac,Dumingos,pdumingosx@mashable.com,Male,129.222.39.58
35,Cassius,Limmer,climmery@chron.com,Male,128.106.214.247
36,Ajay,Swain,aswainz@infoseek.co.jp,Female,148.145.102.22
37,Freddie,Muldoon,fmuldoon10@topsy.com,Male,73.57.199.17
38,Courtney,Foxley,cfoxley11@hc360.com,Female,44.82.200.254
39,Sheppard,Rosencrantz,srosencrantz12@flickr.com,Male,15.112.197.222
40,Bruis,Quogan,bquogan13@census.gov,Male,250.205.40.208
41,George,Karlqvist,gkarlqvist14@hao123.com,Female,142.131.3.60
42,Almira,Etchell,aetchell15@unblog.fr,Female,236.249.170.192
43,Rory,Champney,rchampney16@123-reg.co.uk,Male,72.148.55.103
44,Hamid,Swanton,hswanton17@gov.uk,Male,40.171.206.45
45,Bord,Pollitt,bpollitt18@examiner.com,Male,68.118.145.173
46,Karly,Lugsdin,klugsdin19@flavors.me,Female,91.29.3.188
47,Corine,Jerram,cjerram1a@photobucket.com,Female,152.130.126.207
48,Marcy,Enders,menders1b@flavors.me,Female,32.106.5.41
49,Ingar,Potes,ipotes1c@rakuten.co.jp,Male,237.218.139.254
50,Kerwinn,Maykin,kmaykin1d@icio.us,Male,106.207.170.71
51,Drud,Dilgarno,ddilgarno1e@purevolume.com,Male,81.96.90.246
52,Edmund,Gumley,egumley1f@google.co.jp,Male,237.222.235.230
53,Paola,McAviy,pmcaviy1g@china.com.cn,Female,5.94.221.60
54,Marmaduke,Liepmann,mliepmann1h@blogger.com,Male,99.64.52.156
55,Latashia,Durgan,ldurgan1i@smugmug.com,Female,111.76.122.67
56,Allx,Surgen,asurgen1j@salon.com,Female,36.16.29.17
57,Meryl,Ioselev,mioselev1k@amazon.co.jp,Male,229.96.47.173
58,Hieronymus,Danis,hdanis1l@technorati.com,Male,225.47.144.38
59,Marc,Darnbrough,mdarnbrough1m@spotify.com,Male,182.75.60.71
60,Elwood,Sowter,esowter1n@webnode.com,Male,129.56.111.255
61,Lacee,Smurthwaite,lsmurthwaite1o@whitehouse.gov,Female,107.127.21.43
62,Jacob,Dodell,jdodell1p@tamu.edu,Male,102.104.94.71
63,Aurora,Oven,aoven1q@newyorker.com,Female,58.20.205.104
64,Maryjo,Blitzer,mblitzer1r@usa.gov,Female,115.9.188.104
65,Brice,McBrady,bmcbrady1s@vkontakte.ru,Male,64.162.253.37
66,Octavius,Circuit,ocircuit1t@noaa.gov,Male,204.26.46.197
67,Cristie,Wakely,cwakely1u@nba.com,Female,92.2.238.15
68,Tommie,MacFarlan,tmacfarlan1v@studiopress.com,Female,204.177.94.161
69,Chryste,Wroath,cwroath1w@fc2.com,Female,37.178.172.135
70,Nadya,Benediktsson,nbenediktsson1x@columbia.edu,Female,147.168.211.230
71,Lonnie,Arrighini,larrighini1y@ocn.ne.jp,Female,0.155.140.219
72,Leonanie,Casale,lcasale1z@cdbaby.com,Female,187.76.170.72
73,Michelina,Bravington,mbravington20@microsoft.com,Female,124.193.22.42
74,Dulcia,Rotte,drotte21@wufoo.com,Female,36.198.18.129
75,Dru,Souten,dsouten22@joomla.org,Female,88.25.218.63
76,Dewey,Passfield,dpassfield23@washington.edu,Male,198.44.14.153
77,Archibold,Argue,aargue24@sciencedaily.com,Male,107.124.135.18
78,Florri,Simonel,fsimonel25@oracle.com,Female,4.170.103.178
79,Abra,McArt,amcart26@seattletimes.com,Female,163.121.42.174
80,Vicki,Message,vmessage27@globo.com,Female,76.186.124.54
81,Kristoffer,Curle,kcurle28@theatlantic.com,Male,19.211.64.158
82,Launce,Richens,lrichens29@comsenz.com,Male,182.102.254.113
83,Jenni,Reedy,jreedy2a@berkeley.edu,Female,36.179.102.128
84,Ritchie,Dimitriades,rdimitriades2b@icq.com,Male,162.51.40.99
85,Jsandye,Tayler,jtayler2c@tripod.com,Polygender,6.167.16.99
86,Tedd,Schutte,tschutte2d@51.la,Polygender,82.150.228.205
87,Sayre,Athelstan,sathelstan2e@godaddy.com,Female,92.193.116.255
88,Stevie,Cottrell,scottrell2f@phoca.cz,Male,105.65.225.63
89,Alfy,Vamplew,avamplew2g@macromedia.com,Female,170.201.160.34
90,Alejandro,Lung,alung2h@mit.edu,Genderqueer,21.215.77.238
91,Teodora,Jinkinson,tjinkinson2i@joomla.org,Female,121.164.50.37
92,Arnie,Gres,agres2j@mac.com,Male,173.90.34.23
93,Obadias,Neylon,oneylon2k@dailymotion.com,Male,74.251.110.158
94,Dalila,Marcos,dmarcos2l@wikispaces.com,Female,227.191.207.47
95,Bordie,Willbond,bwillbond2m@sfgate.com,Non-binary,179.110.29.76
96,Francoise,Langabeer,flangabeer2n@imgur.com,Female,38.199.18.111
97,Catlin,Ollivierre,collivierre2o@msu.edu,Female,100.130.144.63
98,Frederica,Oxborrow,foxborrow2p@state.gov,Female,19.187.214.168
99,Nil,Huyton,nhuyton2q@acquirethisname.com,Male,12.151.152.114
100,Yelena,Drowsfield,ydrowsfield2r@studiopress.com,Female,164.228.24.214
101,Maible,Dabel,mdabel2s@ucoz.com,Female,54.52.113.152
102,Ailbert,Slimme,aslimme2t@google.es,Male,47.79.29.235
103,Kermit,Seeborne,kseeborne2u@epa.gov,Male,2.199.108.195
104,Brooks,Treeby,btreeby2v@addtoany.com,Male,197.232.234.160
105,Adam,Verbrugghen,averbrugghen2w@walmart.com,Male,162.205.221.165
106,Marcile,Starling,mstarling2x@state.tx.us,Female,30.77.185.241
107,Jeanna,Foucard,jfoucard2y@admin.ch,Female,88.109.165.199
108,Ronny,Colling,rcolling2z@typepad.com,Female,118.2.9.238
109,Mano,Shadwick,mshadwick30@moonfruit.com,Male,97.200.158.246
110,Fidelity,Knowlson,fknowlson31@skype.com,Female,239.139.73.213
111,Gard,Nulty,gnulty32@studiopress.com,Male,121.252.151.28
112,Maurits,Radbourne,mradbourne33@china.com.cn,Male,221.181.33.239
113,Netti,Anster,nanster34@biglobe.ne.jp,Female,167.2.182.67
114,Celene,Schutter,cschutter35@vimeo.com,Female,72.49.211.64
115,Magdalena,Lockey,mlockey36@dailymail.co.uk,Female,158.25.52.22
116,Rupert,McPherson,rmcpherson37@google.ca,Male,57.214.127.195
117,Averell,Pawelek,apawelek38@bbc.co.uk,Bigender,27.36.73.178
118,Kathlin,Harnetty,kharnetty39@bigcartel.com,Female,166.14.160.190
119,Kirsteni,Alvarado,kalvarado3a@springer.com,Female,75.14.34.73
120,Thatcher,Gambles,tgambles3b@jimdo.com,Male,69.244.188.30
121,Cherin,Formoy,cformoy3c@aol.com,Female,82.38.150.171
122,Spense,Swetman,sswetman3d@bloglines.com,Male,190.103.106.30
123,Van,Collingdon,vcollingdon3e@istockphoto.com,Female,102.18.163.40
124,Pieter,Toner,ptoner3f@surveymonkey.com,Male,222.12.201.64
125,Kevon,Andre,kandre3g@xinhuanet.com,Male,153.172.130.104
126,Archibaldo,Sichardt,asichardt3h@pinterest.com,Male,210.78.19.188
127,Phineas,Pickerin,ppickerin3i@google.com.hk,Male,158.129.105.246
128,Leoine,Emes,lemes3j@mapy.cz,Female,115.102.109.159
129,Tanney,Winch,twinch3k@va.gov,Male,72.205.190.206
130,Delano,Holt,dholt3l@vimeo.com,Male,188.117.217.152
131,Shell,Guitel,sguitel3m@istockphoto.com,Female,2.205.20.57
132,Lombard,Lynds,llynds3n@twitter.com,Male,237.60.202.140
133,Janna,Dunster,jdunster3o@dmoz.org,Female,5.113.208.58
134,Lucio,Woodfine,lwoodfine3p@netvibes.com,Male,143.119.52.7
135,Britni,de Leon,bdeleon3q@uiuc.edu,Female,82.239.62.193
136,Moritz,Stone Fewings,mstonefewings3r@ed.gov,Male,249.32.254.195
137,Aretha,Bedinham,abedinham3s@netvibes.com,Female,48.43.10.14
138,Rafferty,Villalta,rvillalta3t@parallels.com,Male,28.245.2.123
139,Celestia,Kobera,ckobera3u@foxnews.com,Female,198.44.13.178
140,Nannette,Marvell,nmarvell3v@wikimedia.org,Female,125.120.98.98
141,Jewell,McQuin,jmcquin3w@livejournal.com,Female,247.10.177.4
142,Ches,Orpen,corpen3x@hubpages.com,Male,64.89.238.36
143,Harri,Ackwood,hackwood3y@ezinearticles.com,Female,225.11.66.158
144,Joana,Simeoli,jsimeoli3z@blogs.com,Female,214.1.40.236
145,Joseito,Cahillane,jcahillane40@macromedia.com,Male,253.173.222.145
146,Shayna,Vogt,svogt41@forbes.com,Female,198.82.79.11
147,Rufe,Mulqueeny,rmulqueeny42@marriott.com,Male,150.143.193.201
148,Nikoletta,Oddy,noddy43@furl.net,Female,225.75.58.118
149,Kimberli,Leel,kleel44@cbslocal.com,Female,23.202.91.38
150,Layton,Stormont,lstormont45@npr.org,Genderqueer,140.104.104.204
151,Jody,Scrigmour,jscrigmour46@hp.com,Male,208.231.117.88
152,Heddie,Grindley,hgrindley47@blog.com,Female,14.133.145.223
153,Jilly,Pellitt,jpellitt48@trellian.com,Genderfluid,202.97.249.196
154,Dayna,Mungane,dmungane49@wix.com,Female,81.87.144.82
155,Ruy,Phare,rphare4a@dot.gov,Male,219.196.90.243
156,Claresta,Janman,cjanman4b@google.co.jp,Female,76.127.162.223
157,Nobie,Jedrzejczyk,njedrzejczyk4c@flavors.me,Male,29.225.66.14
158,Andonis,Geldeard,ageldeard4d@newsvine.com,Male,45.191.103.100
159,Shara,Heinrici,sheinrici4e@ftc.gov,Female,189.188.248.4
160,Morrie,Titlow,mtitlow4f@de.vu,Male,91.118.254.203
161,Marcia,Witcomb,mwitcomb4g@usatoday.com,Female,99.194.235.29
162,Crawford,Speck,cspeck4h@mayoclinic.com,Polygender,188.106.55.178
163,Vachel,Heninghem,vheninghem4i@macromedia.com,Male,171.198.11.251
164,Ileana,Lovitt,ilovitt4j@cargocollective.com,Female,178.212.10.205
165,Padraic,Ashbolt,pashbolt4k@booking.com,Male,229.181.197.252
166,Harlen,Grotty,hgrotty4l@squarespace.com,Male,240.92.83.105
167,Mallory,Goney,mgoney4m@addtoany.com,Male,94.189.25.176
168,Taite,Normabell,tnormabell4n@etsy.com,Male,40.50.39.36
169,Annecorinne,Brockelsby,abrockelsby4o@liveinternet.ru,Genderqueer,8.194.242.165
170,Garrott,Cluckie,gcluckie4p@unesco.org,Non-binary,184.243.118.162
171,Abramo,Kupisz,akupisz4q@telegraph.co.uk,Male,191.228.28.235
172,Darbee,Buckley,dbuckley4r@ted.com,Male,73.199.116.38
173,Sarette,Lovitt,slovitt4s@nhs.uk,Female,64.132.67.134
174,Simona,Cuxon,scuxon4t@nyu.edu,Female,193.221.42.111
175,Jodie,Deards,jdeards4u@usda.gov,Female,20.14.87.255
176,Hymie,Fomichyov,hfomichyov4v@reddit.com,Male,216.39.101.213
177,Devlen,Gerin,dgerin4w@amazon.co.jp,Male,60.123.129.205
178,Spense,Collister,scollister4x@prweb.com,Male,148.31.227.243
179,Tallou,Alenin,talenin4y@marketwatch.com,Female,82.90.225.251
180,Ketti,Schwandner,kschwandner4z@pagesperso-orange.fr,Female,227.144.8.136
181,Jacintha,Fricker,jfricker50@ucoz.com,Female,86.31.157.137
182,Gerardo,Le Marchant,glemarchant51@mlb.com,Male,93.223.38.24
183,Clyve,Alexis,calexis52@samsung.com,Male,182.154.3.134
184,Phillipe,Lindfors,plindfors53@google.com,Male,160.253.170.81
185,Wolf,Briatt,wbriatt54@usa.gov,Male,126.172.191.199
186,Veronike,Checcuzzi,vcheccuzzi55@rakuten.co.jp,Female,122.33.156.224
187,Eudora,Crickmore,ecrickmore56@blogger.com,Female,126.253.126.86
188,Gian,Dabourne,gdabourne57@ask.com,Male,43.43.151.25
189,Solly,Nornasell,snornasell58@bing.com,Male,13.138.205.149
190,Noll,Brumham,nbrumham59@cargocollective.com,Male,214.93.250.80
191,Sheena,Baumer,sbaumer5a@angelfire.com,Female,208.195.221.167
192,Brice,Nortcliffe,bnortcliffe5b@hostgator.com,Male,247.203.180.179
193,Arabela,Laba,alaba5c@hp.com,Female,25.169.81.56
194,Sheba,Castiblanco,scastiblanco5d@myspace.com,Female,190.145.205.44
195,Shandie,Roarty,sroarty5e@cbslocal.com,Bigender,76.90.78.38
196,Hartwell,Smedmore,hsmedmore5f@zdnet.com,Male,121.21.80.155
197,Eugene,Rothman,erothman5g@rediff.com,Male,89.21.53.56
198,Roy,Polotti,rpolotti5h@bravesites.com,Male,5.249.104.244
199,Chas,Bubbings,cbubbings5i@bluehost.com,Male,150.9.5.187
200,Juliette,Labin,jlabin5j@vinaora.com,Female,143.36.37.135
201,Leeland,Cawston,lcawston5k@dyndns.org,Polygender,107.196.191.63
202,Bambi,Mazin,bmazin5l@netlog.com,Female,48.248.149.101
203,Annora,Puden,apuden5m@imageshack.us,Female,1.38.120.135
204,Forbes,Amthor,famthor5n@zdnet.com,Male,55.135.107.234
205,Asher,Sandercock,asandercock5o@businesswire.com,Male,110.253.237.103
206,Inesita,Betterton,ibetterton5p@yahoo.co.jp,Female,24.169.129.185
207,Goraud,Lindbergh,glindbergh5q@apple.com,Male,154.211.14.63
208,Inigo,Guiel,iguiel5r@sakura.ne.jp,Male,242.188.222.164
209,Melita,Gudd,mgudd5s@bluehost.com,Female,204.134.149.238
210,Goraud,Jeger,gjeger5t@nationalgeographic.com,Male,120.142.216.39
211,Vernice,Bode,vbode5u@cam.ac.uk,Genderqueer,120.218.140.185
212,Ermengarde,Seleway,eseleway5v@storify.com,Female,181.64.215.119
213,Emelita,Eckford,eeckford5w@list-manage.com,Genderfluid,250.252.180.145
214,Tammy,Cruess,tcruess5x@issuu.com,Male,159.104.149.162
215,Emerson,Kinnin,ekinnin5y@vkontakte.ru,Male,99.190.195.44
216,Cyndie,Duggan,cduggan5z@usgs.gov,Female,24.79.7.77
217,Jordana,Simunek,jsimunek60@mediafire.com,Female,145.98.233.140
218,Frederigo,Blakeborough,fblakeborough61@seesaa.net,Male,148.64.6.87
219,Dar,Ireland,direland62@imdb.com,Male,127.155.228.238
220,Edeline,Garthside,egarthside63@ovh.net,Female,168.71.129.216
221,Franky,Chese,fchese64@php.net,Female,167.235.178.217
222,Orren,Rannells,orannells65@icq.com,Male,173.193.62.153
223,Annabela,Whittington,awhittington66@samsung.com,Female,59.66.130.75
224,Nevil,Blenkiron,nblenkiron67@geocities.jp,Male,183.75.37.51
225,Lyell,Wimms,lwimms68@aol.com,Male,119.79.199.178
226,Zeb,Blazic,zblazic69@yahoo.co.jp,Male,175.143.147.147
227,Antonietta,Brinkman,abrinkman6a@free.fr,Female,152.13.31.93
228,Eugene,Vise,evise6b@tripadvisor.com,Male,12.243.81.88
229,Vaclav,Maddra,vmaddra6c@naver.com,Male,164.102.165.65
230,Falkner,Austins,faustins6d@myspace.com,Male,58.168.170.32
231,Jerrold,Birks,jbirks6e@theatlantic.com,Male,107.48.21.89
232,Liana,Burditt,lburditt6f@google.com.br,Polygender,159.5.230.132
233,Kincaid,Woollhead,kwoollhead6g@yandex.ru,Male,198.187.113.222
234,Barbara,Zarb,bzarb6h@cisco.com,Female,87.110.84.14
235,Leonid,Mertin,lmertin6i@simplemachines.org,Male,65.137.0.27
236,Raffaello,Palia,rpalia6j@bizjournals.com,Male,136.83.246.155
237,Raina,Hazzard,rhazzard6k@wunderground.com,Female,49.155.149.167
238,Micaela,Capron,mcapron6l@shop-pro.jp,Female,28.180.34.70
239,Nikos,Blazey,nblazey6m@microsoft.com,Male,33.17.225.214
240,Miriam,Hartley,mhartley6n@twitter.com,Female,68.10.155.8
241,Sigrid,Christensen,schristensen6o@ed.gov,Female,77.1.178.0
242,Eunice,Tetsall,etetsall6p@yahoo.com,Female,232.175.73.112
243,Darlleen,Sentance,dsentance6q@over-blog.com,Female,225.207.57.42
244,Thedrick,Polkinhorn,tpolkinhorn6r@joomla.org,Male,165.76.184.205
245,Davita,Berthouloume,dberthouloume6s@shutterfly.com,Bigender,63.209.127.195
246,Marlin,Surman-Wells,msurmanwells6t@livejournal.com,Male,204.254.166.40
247,Helene,McGookin,hmcgookin6u@newsvine.com,Female,181.170.54.173
248,Dina,Cometto,dcometto6v@amazon.de,Female,121.233.127.223
249,Anabelle,Trevers,atrevers6w@foxnews.com,Non-binary,99.43.47.78
250,Korey,Barthorpe,kbarthorpe6x@over-blog.com,Male,242.134.16.114
251,Richard,Burgin,rburgin6y@buzzfeed.com,Male,152.95.145.32
252,Erin,Passmore,epassmore6z@ted.com,Male,83.114.197.133
253,Sterne,Yewdall,syewdall70@ifeng.com,Male,232.38.177.48
254,Susan,Dance,sdance71@ucoz.com,Non-binary,128.194.85.84
255,Berna,Andrysiak,bandrysiak72@wordpress.org,Female,77.183.171.37
256,Barbi,McVeagh,bmcveagh73@amazon.de,Genderqueer,136.113.110.111
257,Easter,Stabler,establer74@indiegogo.com,Female,46.142.209.157
258,Nealson,Dewerson,ndewerson75@devhub.com,Male,199.143.139.35
259,Kendell,Paley,kpaley76@zdnet.com,Non-binary,82.150.49.36
260,Piper,Cushion,pcushion77@jimdo.com,Female,244.120.67.22
261,Elvina,Lapenna,elapenna78@nba.com,Polygender,110.183.186.198
262,Stesha,Calender,scalender79@weather.com,Female,6.158.43.199
263,Hersh,Childe,hchilde7a@japanpost.jp,Male,56.248.129.14
264,Algernon,Lenin,alenin7b@fema.gov,Male,236.58.4.131
265,Lorin,Boaler,lboaler7c@addthis.com,Non-binary,110.93.1.94
266,Olav,Morphet,omorphet7d@alibaba.com,Male,161.212.237.169
267,Abdul,MacLaig,amaclaig7e@accuweather.com,Male,169.231.18.32
268,Abba,Beccera,abeccera7f@youku.com,Male,172.13.64.195
269,Karly,Garms,kgarms7g@g.co,Female,21.36.204.101
270,Parke,Storr,pstorr7h@stumbleupon.com,Male,20.114.160.172
271,Bennett,Kienzle,bkienzle7i@cmu.edu,Male,100.44.161.243
272,Karly,Jepperson,kjepperson7j@tamu.edu,Female,87.142.22.93
273,Yasmeen,Leader,yleader7k@constantcontact.com,Female,132.244.45.86
274,Murry,Nevill,mnevill7l@wikipedia.org,Male,39.114.104.42
275,Jethro,Cardinale,jcardinale7m@paginegialle.it,Male,107.226.56.118
276,Winonah,Harpur,wharpur7n@usnews.com,Female,96.153.158.24
277,Weidar,Georgi,wgeorgi7o@google.nl,Male,215.252.18.91
278,Claudine,Starte,cstarte7p@php.net,Female,166.148.52.53
279,Kellyann,Edsell,kedsell7q@loc.gov,Female,4.238.141.164
280,Reena,Royl,rroyl7r@over-blog.com,Female,26.208.26.17
281,Ynez,Robroe,yrobroe7s@biblegateway.com,Female,18.50.224.160
282,Rafaellle,Tollit,rtollit7t@blinklist.com,Male,12.52.147.77
283,Leila,Tuerena,ltuerena7u@1und1.de,Female,172.101.217.127
284,Ulick,Varty,uvarty7v@reddit.com,Male,84.108.137.111
285,Patric,McMenamin,pmcmenamin7w@livejournal.com,Male,137.7.140.73
286,Angeli,Hemeret,ahemeret7x@odnoklassniki.ru,Male,194.194.222.231
287,Merline,Twaits,mtwaits7y@noaa.gov,Female,179.167.81.196
288,Dom,Aleksich,daleksich7z@paginegialle.it,Male,195.71.35.114
289,Alfons,Dick,adick80@devhub.com,Male,50.93.86.78
290,Kesley,MacNeish,kmacneish81@un.org,Genderqueer,112.16.41.47
291,Gratiana,Banat,gbanat82@admin.ch,Female,126.89.229.240
292,Georgie,Stainbridge,gstainbridge83@tinyurl.com,Female,90.170.160.1
293,Lionel,Crufts,lcrufts84@theguardian.com,Male,51.220.231.230
294,Georgy,Trosdall,gtrosdall85@drupal.org,Male,104.107.161.133
295,Lyndsey,Hatrick,lhatrick86@issuu.com,Female,254.227.105.130
296,Nicolette,Caldes,ncaldes87@technorati.com,Female,171.204.154.74
297,Nady,Tinto,ntinto88@upenn.edu,Female,220.113.123.157
298,Sophi,VanBrugh,svanbrugh89@canalblog.com,Female,220.137.219.106
299,Sarena,Marjoribanks,smarjoribanks8a@tinypic.com,Female,238.228.27.25
300,Brnaby,Overland,boverland8b@army.mil,Male,85.96.46.111
301,Conney,Jobb,cjobb8c@foxnews.com,Male,141.127.22.148
302,Giavani,Mackerness,gmackerness8d@cnet.com,Male,66.208.168.39
303,Brew,Eastgate,beastgate8e@mlb.com,Male,234.75.64.167
304,Brunhilda,Southouse,bsouthouse8f@google.ru,Female,251.24.144.109
305,Braden,Pennyman,bpennyman8g@quantcast.com,Male,251.72.246.69
306,Nolan,Lipman,nlipman8h@ihg.com,Male,198.207.100.164
307,Lizette,Moscrop,lmoscrop8i@acquirethisname.com,Female,200.227.200.105
308,Trisha,McCalum,tmccalum8j@sourceforge.net,Female,6.6.157.41
309,Had,Binford,hbinford8k@domainmarket.com,Male,126.92.155.222
310,Marlena,Wehner,mwehner8l@unicef.org,Female,225.235.69.69
311,Violet,Rosenthaler,vrosenthaler8m@uiuc.edu,Female,232.49.12.225
312,Ally,Wiffill,awiffill8n@typepad.com,Female,112.169.152.213
313,Adriano,Gerasch,agerasch8o@cbc.ca,Male,191.252.243.245
314,Chelsey,Cuttles,ccuttles8p@columbia.edu,Female,87.136.81.171
315,Catherine,Wackley,cwackley8q@umn.edu,Female,74.33.81.233
316,Gisele,Scroggie,gscroggie8r@sohu.com,Female,202.144.128.23
317,Lovell,Nussgen,lnussgen8s@comcast.net,Male,34.201.64.103
318,Arnie,Steel,asteel8t@alexa.com,Male,94.237.36.60
319,Gabriellia,Renzullo,grenzullo8u@whitehouse.gov,Female,126.254.48.225
320,Giles,Challace,gchallace8v@hao123.com,Male,115.1.118.10
321,Nobe,Spur,nspur8w@chron.com,Agender,152.15.131.69
322,Lynnette,Tinner,ltinner8x@comsenz.com,Female,3.83.14.42
323,Jenilee,Hele,jhele8y@psu.edu,Female,73.253.42.153
324,Carrol,McCormack,cmccormack8z@wikimedia.org,Male,205.20.35.195
325,Corine,Dawltrey,cdawltrey90@fotki.com,Female,40.133.162.158
326,Shayne,M'Quharge,smquharge91@yahoo.co.jp,Male,223.32.187.163
327,Saraann,Mangon,smangon92@google.cn,Female,75.50.12.72
328,Sandy,Minney,sminney93@prweb.com,Male,79.171.72.20
329,Linette,Duignan,lduignan94@engadget.com,Female,33.24.152.78
330,Ivie,Adamou,iadamou95@biglobe.ne.jp,Female,235.62.226.137
331,Corene,Nowakowski,cnowakowski96@google.ca,Female,248.154.148.179
332,Benjie,Durn,bdurn97@usgs.gov,Male,202.98.169.33
333,Hildegarde,McEnteggart,hmcenteggart98@smh.com.au,Female,124.95.31.60
334,Ainsley,Phinnessy,aphinnessy99@unblog.fr,Female,74.245.97.225
335,Ashleigh,Ebbetts,aebbetts9a@drupal.org,Female,52.146.89.230
336,Udall,Pitcaithly,upitcaithly9b@usgs.gov,Male,44.233.242.212
337,Aloisia,Readmire,areadmire9c@soundcloud.com,Female,132.52.223.172
338,Ronda,Gilardoni,rgilardoni9d@ovh.net,Female,114.166.185.199
339,Theodoric,Birckmann,tbirckmann9e@soup.io,Male,1.167.191.78
340,Godart,Lambshine,glambshine9f@soup.io,Male,30.148.225.209
341,Reade,Barlthrop,rbarlthrop9g@blog.com,Genderfluid,71.113.211.233
342,Adey,Tremollet,atremollet9h@engadget.com,Female,89.5.71.124
343,Henrietta,Gamell,hgamell9i@noaa.gov,Female,232.167.100.51
344,Marthe,Bonwick,mbonwick9j@rakuten.co.jp,Female,83.210.115.69
345,Lemmie,Kennsley,lkennsley9k@yolasite.com,Male,110.208.185.222
346,Fairlie,Heintze,fheintze9l@tinypic.com,Male,44.103.63.150
347,Jeannie,Howse,jhowse9m@reference.com,Female,124.13.22.143
348,Muhammad,Wingar,mwingar9n@prweb.com,Male,121.49.17.65
349,Merell,Kirgan,mkirgan9o@deliciousdays.com,Male,241.138.4.72
350,Ad,Vaskov,avaskov9p@qq.com,Male,54.6.238.65
351,Celia,Ayris,cayris9q@smh.com.au,Female,157.42.151.74
352,Lise,Southerton,lsoutherton9r@cdbaby.com,Female,110.140.127.19
353,Elvin,Siret,esiret9s@sciencedaily.com,Male,130.197.245.9
354,Borden,Frounks,bfrounks9t@tripadvisor.com,Male,179.221.43.222
355,Audrye,Jocic,ajocic9u@istockphoto.com,Genderqueer,36.164.17.244
356,Nydia,Lavall,nlavall9v@yandex.ru,Female,157.230.2.254
357,Padget,Klouz,pklouz9w@craigslist.org,Male,135.32.148.153
358,Stearn,Fearneley,sfearneley9x@census.gov,Male,31.55.248.25
359,Michail,Rediers,mrediers9y@chronoengine.com,Male,186.96.192.113
360,Salomo,Winning,swinning9z@reference.com,Male,120.19.21.154
361,Ash,Le Friec,alefrieca0@auda.org.au,Male,200.61.131.252
362,Axe,Wardhaugh,awardhaugha1@nasa.gov,Male,96.196.183.14
363,Elmer,Niemiec,eniemieca2@bloomberg.com,Male,174.76.120.52
364,Charlene,Le Gassick,clegassicka3@wix.com,Female,19.120.159.119
365,Kelcie,Kingswood,kkingswooda4@sbwire.com,Female,29.61.181.142
366,Phineas,Mynott,pmynotta5@thetimes.co.uk,Male,203.209.105.107
367,Arlen,Geydon,ageydona6@ycombinator.com,Male,94.47.166.145
368,Chickie,Cocksedge,ccocksedgea7@oracle.com,Male,13.158.24.69
369,Audre,Nesfield,anesfielda8@columbia.edu,Female,178.223.64.71
370,Odo,Gierck,ogiercka9@go.com,Male,255.26.5.241
371,Ritchie,Hedan,rhedanaa@amazon.de,Male,48.28.230.31
372,Katine,Pride,kprideab@pagesperso-orange.fr,Female,158.109.82.208
373,Upton,Tanti,utantiac@nbcnews.com,Male,52.29.96.76
374,Martynne,Martignoni,mmartignoniad@woothemes.com,Bigender,247.12.121.86
375,Britteny,Hartill,bhartillae@mtv.com,Female,188.27.199.65
376,Catherina,Ivanenko,civanenkoaf@360.cn,Female,33.222.155.53
377,Vasily,Lefeuvre,vlefeuvreag@phpbb.com,Male,81.66.38.41
378,Morton,De la Yglesias,mdelayglesiasah@uiuc.edu,Male,217.255.8.214
379,Merry,Wilcinskis,mwilcinskisai@chicagotribune.com,Female,9.69.85.223
380,Harley,Dinsell,hdinsellaj@cnet.com,Male,250.125.255.191
381,Tersina,Sibille,tsibilleak@wikispaces.com,Female,89.46.147.62
382,Gareth,Lints,glintsal@mozilla.com,Male,38.133.147.115
383,Hartwell,Forster,hforsteram@state.tx.us,Male,172.242.28.158
384,Marketa,Dixcee,mdixceean@domainmarket.com,Polygender,125.171.222.196
385,Ariana,Faragher,afaragherao@php.net,Genderfluid,180.237.255.244
386,Artemus,Braunstein,abraunsteinap@squidoo.com,Male,167.6.19.249
387,Kirby,Alentyev,kalentyevaq@t.co,Female,76.128.99.162
388,Valery,Danshin,vdanshinar@com.com,Female,195.111.131.60
389,Danella,Neeves,dneevesas@mtv.com,Polygender,137.178.100.35
390,Gard,Mackin,gmackinat@linkedin.com,Male,215.182.203.6
391,Bryant,Benedite,bbenediteau@accuweather.com,Male,128.228.201.144
392,Rutherford,Bonnier,rbonnierav@wordpress.org,Male,10.40.81.181
393,Davidde,O'Leahy,doleahyaw@blogtalkradio.com,Male,2.88.83.22
394,Cyndie,McCallion,cmccallionax@moonfruit.com,Female,214.46.24.195
395,Maxi,Sargison,msargisonay@globo.com,Female,210.53.132.39
396,Jannelle,Eliaz,jeliazaz@zdnet.com,Female,96.84.151.67
397,Annalise,Goozee,agoozeeb0@blogs.com,Female,42.208.228.96
398,Louisa,Klimke,lklimkeb1@cbslocal.com,Female,50.113.147.76
399,Bibbye,Lack,blackb2@upenn.edu,Female,232.209.175.138
400,Marmaduke,Tivers,mtiversb3@mashable.com,Male,242.146.114.31
401,Lazar,Maudlin,lmaudlinb4@gmpg.org,Genderqueer,165.55.96.133
402,Lionel,Clemoes,lclemoesb5@cnet.com,Male,133.166.83.221
403,Anjanette,Baraja,abarajab6@youtube.com,Female,62.150.188.51
404,Maynard,Shopcott,mshopcottb7@quantcast.com,Male,228.164.249.201
405,Ardenia,Simounet,asimounetb8@uol.com.br,Female,248.246.53.154
406,Galven,Raecroft,graecroftb9@vinaora.com,Male,255.122.230.195
407,Irwin,O'Hartagan,iohartaganba@sciencedirect.com,Male,232.49.48.213
408,Orlan,Leftridge,oleftridgebb@simplemachines.org,Male,234.28.137.232
409,Issiah,Offiler,ioffilerbc@tripadvisor.com,Genderfluid,115.213.206.57
410,Ferguson,Absolon,fabsolonbd@t.co,Male,165.84.17.143
411,Jordain,Presslie,jpressliebe@topsy.com,Female,53.71.28.14
412,Neilla,Wimbury,nwimburybf@go.com,Female,199.120.72.12
413,Burch,Cadogan,bcadoganbg@hud.gov,Male,120.7.242.23
414,Corny,Gofford,cgoffordbh@hubpages.com,Female,194.41.132.236
415,Jeffry,Miall,jmiallbi@whitehouse.gov,Male,127.163.248.169
416,Daile,Branson,dbransonbj@xing.com,Female,13.68.209.158
417,Morten,Goring,mgoringbk@ocn.ne.jp,Male,69.58.174.153
418,Moyna,Barhems,mbarhemsbl@ca.gov,Female,33.12.67.72
419,Federico,Shieber,fshieberbm@uol.com.br,Male,61.35.177.181
420,Caleb,Tute,ctutebn@businessweek.com,Non-binary,28.80.214.87
421,Daune,Worsnup,dworsnupbo@intel.com,Female,59.218.128.255
422,Suzanne,Isworth,sisworthbp@a8.net,Female,178.42.105.10
423,Ingunna,Sieghard,isieghardbq@ustream.tv,Female,95.88.127.90
424,Leopold,Skakunas,lskakunasbr@homestead.com,Male,40.21.103.184
425,Byrann,Berrey,bberreybs@independent.co.uk,Male,238.234.172.100
426,Benoite,Dudleston,bdudlestonbt@livejournal.com,Female,93.53.33.7
427,Nowell,Duquesnay,nduquesnaybu@technorati.com,Male,209.230.173.151
428,Manda,Collen,mcollenbv@jiathis.com,Female,76.22.71.178
429,Elwood,Kernocke,ekernockebw@patch.com,Male,10.99.16.114
430,Leonid,Jeannon,ljeannonbx@newsvine.com,Male,7.158.211.48
431,Ken,Pallin,kpallinby@phpbb.com,Male,181.79.171.249
432,Dan,Hammerstone,dhammerstonebz@unc.edu,Male,71.174.224.67
433,Beitris,Stoeckle,bstoecklec0@t.co,Female,125.215.161.237
434,Ambrosio,Bertelmot,abertelmotc1@state.gov,Male,17.13.147.201
435,Corny,Chancellor,cchancellorc2@microsoft.com,Male,42.37.169.127
436,Gale,Heape,gheapec3@instagram.com,Female,56.8.220.6
437,Marlane,Cusack,mcusackc4@homestead.com,Genderfluid,43.106.50.46
438,Dalia,Son,dsonc5@ebay.co.uk,Female,253.190.102.171
439,Linus,Dumbarton,ldumbartonc6@freewebs.com,Male,171.26.128.97
440,Meghan,Blything,mblythingc7@gmpg.org,Female,114.84.183.244
441,Urbain,Baine,ubainec8@auda.org.au,Male,59.99.247.63
442,Sidoney,Bezzant,sbezzantc9@sciencedirect.com,Female,43.3.11.111
443,Odie,Wooller,owoollerca@instagram.com,Male,62.82.86.11
444,Bette,Pirozzi,bpirozzicb@yolasite.com,Female,162.108.115.80
445,Annecorinne,Loseby,alosebycc@nps.gov,Female,109.163.118.48
446,Bill,Mousby,bmousbycd@mit.edu,Male,117.238.245.253
447,Nolie,Kenn,nkennce@ucsd.edu,Female,164.10.22.67
448,Stefanie,Haulkham,shaulkhamcf@dailymail.co.uk,Female,87.104.196.122
449,Kellen,Hawick,khawickcg@is.gd,Male,143.189.30.137
450,Yancy,Cokely,ycokelych@seattletimes.com,Male,230.35.7.3
451,Griffy,Loughlin,gloughlinci@forbes.com,Male,16.81.143.181
452,Bekki,Daddow,bdaddowcj@deviantart.com,Female,157.118.240.125
453,Margie,Jeacop,mjeacopck@netlog.com,Female,174.88.254.95
454,Darius,Duetschens,dduetschenscl@businessinsider.com,Male,210.113.53.252
455,Lida,McCarlie,lmccarliecm@dagondesign.com,Female,144.231.8.1
456,Corri,Sallows,csallowscn@eepurl.com,Female,143.7.47.148
457,Jemmy,Mason,jmasonco@tinypic.com,Female,210.168.188.96
458,Obed,Villa,ovillacp@networkadvertising.org,Male,171.239.75.186
459,Kaitlin,Ticic,kticiccq@java.com,Female,68.15.158.58
460,Mortie,Essel,messelcr@youtu.be,Male,104.14.105.89
461,Blakeley,Fosberry,bfosberrycs@cdc.gov,Female,173.207.190.122
462,Becka,Geke,bgekect@free.fr,Female,10.103.1.224
463,Lisbeth,Cotilard,lcotilardcu@alibaba.com,Female,91.28.43.95
464,Roma,Gilpin,rgilpincv@scientificamerican.com,Male,98.6.55.118
465,Jaye,Roscamp,jroscampcw@smh.com.au,Male,6.240.173.199
466,Torrance,Chuck,tchuckcx@scribd.com,Male,139.179.157.37
467,Hilario,Whitsey,hwhitseycy@vkontakte.ru,Male,99.206.7.205
468,Paige,Pennuzzi,ppennuzzicz@unblog.fr,Female,12.37.45.69
469,Nyssa,Brabender,nbrabenderd0@google.pl,Female,195.86.210.124
470,Rab,Lothlorien,rlothloriend1@fotki.com,Male,157.8.233.115
471,Agata,Syseland,asyselandd2@sun.com,Female,86.77.125.133
472,Dredi,Nevins,dnevinsd3@sakura.ne.jp,Female,184.245.0.217
473,Constancy,Mersey,cmerseyd4@ovh.net,Genderqueer,1.26.202.2
474,Gaylor,Bouldon,gbouldond5@oracle.com,Male,189.204.33.249
475,Aryn,Clawe,aclawed6@amazon.co.jp,Genderfluid,137.46.43.60
476,Korella,Sherlaw,ksherlawd7@facebook.com,Female,154.94.121.193
477,Arnie,Leheude,aleheuded8@hhs.gov,Male,83.31.124.25
478,Port,Rainville,prainvilled9@woothemes.com,Male,169.61.27.222
479,Brendon,McClinton,bmcclintonda@barnesandnoble.com,Male,209.176.209.161
480,Farleigh,Huxtable,fhuxtabledb@tripod.com,Male,173.248.167.18
481,Jamey,Morales,jmoralesdc@epa.gov,Male,194.145.99.22
482,Emmie,Hackleton,ehackletondd@goodreads.com,Non-binary,200.47.209.240
483,Cameron,Mattis,cmattisde@yandex.ru,Male,0.144.73.20
484,Jemmy,Hrycek,jhrycekdf@miibeian.gov.cn,Agender,40.213.32.126
485,Arie,Friedenbach,afriedenbachdg@utexas.edu,Male,123.226.89.68
486,Bryna,Speak,bspeakdh@engadget.com,Female,109.237.133.244
487,Cleveland,Chander,cchanderdi@deviantart.com,Male,191.26.240.43
488,Hi,Van Dalen,hvandalendj@people.com.cn,Male,199.99.212.15
489,Wang,Ricardin,wricardindk@census.gov,Male,59.74.111.161
490,Rosemarie,Columbell,rcolumbelldl@chron.com,Bigender,209.138.80.206
491,Rustin,McCritichie,rmccritichiedm@irs.gov,Male,27.255.216.77
492,Carney,Koppen,ckoppendn@craigslist.org,Male,130.191.131.93
493,Victoria,Fennelly,vfennellydo@ehow.com,Female,100.79.1.210
494,Conway,Fearne,cfearnedp@cisco.com,Male,181.255.23.187
495,Leontyne,Ladel,lladeldq@state.gov,Female,185.104.240.179
496,Brnaby,Tocher,btocherdr@dailymotion.com,Male,136.54.213.3
497,Noak,Venneur,nvenneurds@sakura.ne.jp,Male,194.210.156.211
498,Marne,Liccardo,mliccardodt@icq.com,Female,184.77.38.82
499,Amanda,Dyott,adyottdu@google.co.uk,Female,87.237.168.125
500,Thurston,Matteotti,tmatteottidv@youku.com,Male,155.61.226.164
501,Sloan,Spellar,sspellardw@cafepress.com,Male,15.109.8.67
502,Payton,Hanniger,phannigerdx@feedburner.com,Male,128.10.36.30
503,Corney,Lines,clinesdy@statcounter.com,Male,83.201.162.130
504,Giacopo,Ezzy,gezzydz@usda.gov,Male,166.177.52.12
505,Orin,Adamsky,oadamskye0@deliciousdays.com,Male,208.71.164.175
506,Alisun,Ticehurst,aticehurste1@posterous.com,Female,148.27.16.134
507,Hilliary,Allawy,hallawye2@artisteer.com,Female,114.163.169.50
508,Adella,Pitrollo,apitrolloe3@cpanel.net,Female,168.165.152.32
509,Mickie,Farrant,mfarrante4@redcross.org,Male,3.23.37.139
510,Grant,Stampfer,gstampfere5@pen.io,Male,86.113.83.36
511,Catrina,Towner,ctownere6@networkadvertising.org,Female,252.177.88.225
512,Barbi,Gorhardt,bgorhardte7@businesswire.com,Female,82.12.48.7
513,Babs,Rustidge,brustidgee8@cdc.gov,Female,154.57.75.83
514,Humfrey,Linn,hlinne9@twitter.com,Male,21.186.14.126
515,Nessy,Wise,nwiseea@163.com,Genderqueer,29.79.227.161
516,Danyette,Kinforth,dkinfortheb@github.com,Female,20.87.59.63
517,Ashly,Corton,acortonec@unc.edu,Female,242.27.40.23
518,Hirsch,Vala,hvalaed@wix.com,Male,52.246.24.174
519,Bibbye,Barthram,bbarthramee@multiply.com,Female,192.42.158.51
520,Rhodia,Ainge,raingeef@tripod.com,Female,28.131.78.51
521,Tina,Treverton,ttrevertoneg@netlog.com,Female,246.35.187.220
522,Josiah,Mulvenna,jmulvennaeh@1688.com,Male,62.50.190.12
523,Bondon,Sherrell,bsherrellei@loc.gov,Male,192.61.208.124
524,Dyanne,Solman,dsolmanej@reddit.com,Female,148.179.65.162
525,Noach,Turbefield,nturbefieldek@walmart.com,Male,75.74.211.232
526,Gracie,Guyon,gguyonel@amazon.co.jp,Female,74.252.244.177
527,Sal,O' Dooley,sodooleyem@webs.com,Male,9.39.185.188
528,Wolfie,Pullin,wpullinen@printfriendly.com,Male,222.81.109.246
529,Conny,Rodolphe,crodolpheeo@columbia.edu,Male,66.125.178.208
530,Misha,Crusham,mcrushamep@tuttocitta.it,Female,104.81.134.144
531,Lola,Dewi,ldewieq@clickbank.net,Female,172.194.6.222
532,Kelley,Shipperbottom,kshipperbottomer@multiply.com,Male,25.16.239.76
533,Coriss,Greystock,cgreystockes@quantcast.com,Female,131.207.208.43
534,Barrie,De-Ville,bdevilleet@intel.com,Male,6.204.203.18
535,Luke,Scimonelli,lscimonellieu@oracle.com,Male,59.43.101.85
536,Lewie,Ferrelli,lferrelliev@gravatar.com,Male,136.171.152.151
537,Daryl,Mebs,dmebsew@wisc.edu,Male,234.59.229.55
538,Mellisa,Loche,mlocheex@yandex.ru,Genderqueer,52.226.127.24
539,Kelby,Lequeux,klequeuxey@1688.com,Male,186.179.26.222
540,Karisa,Davis,kdavisez@gnu.org,Female,59.214.69.180
541,Freddy,Crewe,fcrewef0@bloglines.com,Male,236.21.24.93
542,Teodorico,Gaddas,tgaddasf1@cocolog-nifty.com,Male,42.17.85.197
543,Byron,Amyes,bamyesf2@smugmug.com,Male,250.234.82.52
544,Matthias,Cleever,mcleeverf3@hugedomains.com,Male,149.150.153.172
545,Prudence,Joannidi,pjoannidif4@dell.com,Genderqueer,253.194.48.82
546,Nickola,Anlay,nanlayf5@engadget.com,Male,43.139.28.57
547,Ernst,Tubridy,etubridyf6@nytimes.com,Genderqueer,66.98.170.65
548,Karla,Bass,kbassf7@csmonitor.com,Female,165.244.176.46
549,Fidel,Gerard,fgerardf8@nifty.com,Male,137.71.223.121
550,Zitella,Vassman,zvassmanf9@technorati.com,Female,155.194.44.84
551,Garnet,Manvelle,gmanvellefa@home.pl,Female,36.118.126.24
552,Gard,Eassom,geassomfb@nytimes.com,Male,225.236.112.135
553,Delinda,Desquesnes,ddesquesnesfc@yelp.com,Female,68.83.33.156
554,Ruby,Dunsire,rdunsirefd@huffingtonpost.com,Female,30.110.120.161
555,Correna,Hendriks,chendriksfe@phpbb.com,Genderfluid,19.153.170.186
556,Malcolm,Heavyside,mheavysideff@state.tx.us,Genderqueer,208.52.156.134
557,Allina,Steenson,asteensonfg@biglobe.ne.jp,Female,14.80.68.184
558,Barby,Rix,brixfh@wiley.com,Female,230.253.192.69
559,Arch,Heisham,aheishamfi@upenn.edu,Genderqueer,65.48.66.121
560,Corry,Claus,cclausfj@gov.uk,Female,76.5.153.59
561,Archy,Portinari,aportinarifk@mashable.com,Male,69.1.59.17
562,Darn,Berger,dbergerfl@google.it,Male,198.137.104.104
563,Noreen,Tall,ntallfm@nhs.uk,Female,108.87.148.187
564,Obediah,O'Kane,ookanefn@businesswire.com,Male,199.60.26.128
565,Morton,Jude,mjudefo@privacy.gov.au,Male,138.30.220.57
566,Rahel,Regis,rregisfp@buzzfeed.com,Genderfluid,20.245.9.145
567,Owen,Lillecrap,olillecrapfq@google.fr,Bigender,163.117.104.119
568,Gary,Witchell,gwitchellfr@biglobe.ne.jp,Male,180.56.172.63
569,Dari,Edscer,dedscerfs@behance.net,Female,55.186.93.225
570,Adair,Liversage,aliversageft@123-reg.co.uk,Male,66.227.147.67
571,Ignacius,La Vigne,ilavignefu@senate.gov,Male,199.25.32.3
572,Humfrid,Hylton,hhyltonfv@rediff.com,Male,198.41.147.27
573,Sunny,Lince,slincefw@yale.edu,Male,131.45.153.203
574,Sonny,Jorczyk,sjorczykfx@imgur.com,Male,180.46.29.235
575,Ambrosi,Sproule,asproulefy@chicagotribune.com,Male,242.31.78.117
576,Rey,Calderwood,rcalderwoodfz@auda.org.au,Polygender,129.219.128.142
577,Chiquita,Labbey,clabbeyg0@furl.net,Female,195.213.72.148
578,Maryellen,Snoding,msnodingg1@dailymotion.com,Female,239.145.214.156
579,Danette,Bruun,dbruung2@imdb.com,Female,185.178.214.105
580,Kirk,Schouthede,kschouthedeg3@mac.com,Male,229.230.72.200
581,Eduardo,Blinkhorn,eblinkhorng4@ucsd.edu,Male,11.38.47.82
582,Morey,Barwell,mbarwellg5@bravesites.com,Male,81.57.187.144
583,Valentijn,Vousden,vvousdeng6@drupal.org,Male,1.176.155.252
584,Emalee,Carp,ecarpg7@wix.com,Female,251.8.20.142
585,Misti,Lepope,mlepopeg8@yellowpages.com,Female,196.96.24.195
586,Gabrielle,Spain,gspaing9@blogspot.com,Female,137.22.172.243
587,Tim,Piddlesden,tpiddlesdenga@ft.com,Male,232.0.130.143
588,Latrina,Pettett,lpettettgb@dion.ne.jp,Female,59.166.54.111
589,Sonny,Halling,shallinggc@addtoany.com,Female,144.185.38.6
590,Wilhelmina,Challicum,wchallicumgd@ucla.edu,Female,96.242.13.250
591,Netty,Maslen,nmaslenge@purevolume.com,Female,204.20.177.181
592,Lucila,Shortcliffe,lshortcliffegf@cam.ac.uk,Polygender,219.253.130.203
593,Corabelle,Lipyeat,clipyeatgg@spotify.com,Female,197.173.144.79
594,Margette,Braunfeld,mbraunfeldgh@technorati.com,Female,2.146.212.201
595,Corey,Cleminson,ccleminsongi@shop-pro.jp,Male,236.47.41.9
596,Tiphany,Daniello,tdaniellogj@patch.com,Female,95.184.204.164
597,Griffy,Burrass,gburrassgk@indiatimes.com,Male,143.193.180.202
598,Lief,Elcomb,lelcombgl@163.com,Male,113.211.6.100
599,Durante,Bloodworth,dbloodworthgm@msn.com,Genderqueer,255.217.51.75
600,Bernadine,Billany,bbillanygn@xrea.com,Polygender,26.68.248.180
601,Betteanne,Claiton,bclaitongo@cbsnews.com,Female,81.7.124.220
602,Zaneta,Zima,zzimagp@squarespace.com,Female,157.78.46.207
603,Kaye,Churchlow,kchurchlowgq@who.int,Female,184.238.153.160
604,Loella,Casoni,lcasonigr@wisc.edu,Bigender,220.172.243.90
605,Lynnea,Hawford,lhawfordgs@hp.com,Female,74.222.194.208
606,Brynne,Everix,beverixgt@rediff.com,Bigender,183.212.170.166
607,Nickolai,Antal,nantalgu@vkontakte.ru,Male,166.83.230.67
608,Yoshiko,Chomley,ychomleygv@gnu.org,Female,171.88.93.197
609,Antons,Biernacki,abiernackigw@phpbb.com,Male,246.140.174.101
610,Anallese,Telezhkin,atelezhkingx@shutterfly.com,Female,126.159.13.196
611,Jaime,Meier,jmeiergy@cbc.ca,Male,212.154.215.65
612,Hyman,Spofford,hspoffordgz@youku.com,Male,148.71.18.142
613,Noelani,Raleston,nralestonh0@cbslocal.com,Female,33.8.159.237
614,Loutitia,Burl,lburlh1@csmonitor.com,Female,188.86.184.128
615,Bell,Kid,bkidh2@weebly.com,Female,94.80.240.189
616,Hildegarde,Pierton,hpiertonh3@newyorker.com,Female,32.241.247.244
617,Clifford,Matthew,cmatthewh4@bloglovin.com,Male,164.15.138.3
618,Cinnamon,Peaker,cpeakerh5@mtv.com,Female,179.24.7.160
619,Brewster,Abby,babbyh6@flickr.com,Male,249.3.190.124
620,Kanya,Fergyson,kfergysonh7@deliciousdays.com,Female,158.248.137.227
621,Ingra,Ingilson,iingilsonh8@mozilla.com,Male,125.230.33.73
622,Nixie,Crocetti,ncrocettih9@ovh.net,Female,127.140.159.144
623,Barbabas,McCrorie,bmccrorieha@godaddy.com,Male,29.162.51.4
624,Bertrando,Lumpkin,blumpkinhb@soup.io,Male,140.55.248.97
625,Darn,Matuszkiewicz,dmatuszkiewiczhc@furl.net,Male,91.212.189.188
626,Stefanie,Jaggs,sjaggshd@fema.gov,Female,25.180.46.28
627,Theodore,Smerdon,tsmerdonhe@europa.eu,Male,131.159.38.41
628,Easter,Little,elittlehf@scientificamerican.com,Female,254.105.119.135
629,Dyanne,Roderighi,droderighihg@ucoz.ru,Female,172.247.6.25
630,Elvina,Zelake,ezelakehh@irs.gov,Female,35.2.190.163
631,Axe,MacCarrane,amaccarranehi@networksolutions.com,Male,201.54.194.171
632,Kendra,Gershom,kgershomhj@technorati.com,Female,84.170.182.239
633,Anna-diana,Sloane,asloanehk@xrea.com,Female,41.1.205.198
634,Rheta,Dyball,rdyballhl@1und1.de,Female,99.217.227.99
635,Guendolen,McAdam,gmcadamhm@java.com,Female,137.167.124.182
636,Gerome,Mattersley,gmattersleyhn@indiatimes.com,Male,244.8.158.161
637,Gratiana,Roach,groachho@upenn.edu,Female,195.116.189.37
638,Quinn,De Hoogh,qdehooghhp@topsy.com,Female,138.91.5.160
639,Ortensia,Billyeald,obillyealdhq@wsj.com,Female,125.192.238.209
640,Erwin,Chasle,echaslehr@smugmug.com,Male,237.57.54.171
641,Pamelina,Daly,pdalyhs@ox.ac.uk,Polygender,92.209.150.145
642,Cherry,Bootherstone,cbootherstoneht@webnode.com,Female,32.126.33.21
643,Nollie,Canny,ncannyhu@cmu.edu,Female,218.127.245.61
644,Roxy,Dumbreck,rdumbreckhv@cmu.edu,Female,209.241.61.31
645,Christy,Bollis,cbollishw@nymag.com,Female,251.155.25.165
646,Melanie,Castagno,mcastagnohx@jigsy.com,Female,1.111.94.251
647,Fredrick,Pavitt,fpavitthy@forbes.com,Male,99.98.23.221
648,Boone,Dorbin,bdorbinhz@cafepress.com,Male,40.87.130.202
649,Catarina,Cunningham,ccunninghami0@google.ru,Female,46.221.100.127
650,Fulton,Burnhams,fburnhamsi1@webeden.co.uk,Male,245.39.94.242
651,Clementine,Jager,cjageri2@psu.edu,Female,207.104.81.56
652,Mabelle,Beavon,mbeavoni3@com.com,Female,30.173.242.133
653,Eimile,Zanetti,ezanettii4@macromedia.com,Female,145.223.58.106
654,Barde,Hemms,bhemmsi5@hostgator.com,Male,189.140.107.25
655,Sharyl,Pinshon,spinshoni6@trellian.com,Female,120.64.32.122
656,Torrin,Roseborough,troseboroughi7@instagram.com,Male,233.28.145.193
657,Bamby,Borrill,bborrilli8@marriott.com,Female,72.146.102.125
658,Desiree,Meininking,dmeininkingi9@cafepress.com,Female,227.251.87.51
659,Orton,Halkyard,ohalkyardia@about.com,Male,175.187.178.166
660,Herby,Chapelhow,hchapelhowib@last.fm,Male,27.64.169.170
661,Natasha,Petrowsky,npetrowskyic@prlog.org,Female,135.163.126.143
662,Adolf,Tellenbrook,atellenbrookid@desdev.cn,Male,105.224.41.140
663,Maribeth,Scullion,mscullionie@youtu.be,Female,132.194.178.110
664,Pen,Bourthoumieux,pbourthoumieuxif@hud.gov,Female,146.141.251.13
665,Corbin,Chatell,cchatellig@mac.com,Male,9.145.146.249
666,Noni,Eaton,neatonih@blogs.com,Female,235.201.255.38
667,Geri,Tomczak,gtomczakii@slashdot.org,Male,117.244.29.221
668,Gill,Warmisham,gwarmishamij@issuu.com,Female,207.188.255.154
669,Barnabas,Filby,bfilbyik@ow.ly,Male,194.214.183.60
670,Hilda,Sanzio,hsanzioil@tripod.com,Female,219.58.42.114
671,Anne,Callister,acallisterim@house.gov,Female,229.178.237.66
672,Doria,Brandassi,dbrandassiin@house.gov,Female,26.244.51.31
673,Marlena,Boxall,mboxallio@barnesandnoble.com,Female,157.191.116.143
674,Kayne,Mattioni,kmattioniip@weather.com,Male,216.168.22.173
675,Gregory,Starten,gstarteniq@google.co.jp,Male,67.253.2.38
676,Inglis,Mowbury,imowburyir@mtv.com,Male,155.24.100.163
677,Johnathan,Ashness,jashnessis@t-online.de,Male,159.232.147.131
678,Tully,Deyes,tdeyesit@upenn.edu,Male,143.205.103.59
679,Terry,Bolte,tbolteiu@thetimes.co.uk,Male,173.211.32.105
680,Rolando,Duffyn,rduffyniv@last.fm,Male,174.246.28.46
681,Clarence,Sneezum,csneezumiw@berkeley.edu,Male,232.97.172.232
682,Waldon,Tear,wtearix@altervista.org,Male,127.244.109.233
683,Dori,Lomasny,dlomasnyiy@moonfruit.com,Genderfluid,132.17.238.60
684,Timoteo,Matteoni,tmatteoniiz@sogou.com,Male,119.18.246.120
685,Holmes,Messitt,hmessittj0@harvard.edu,Male,239.111.68.122
686,Charlotte,Jacson,cjacsonj1@psu.edu,Female,232.103.96.47
687,Della,Liver,dliverj2@disqus.com,Genderfluid,255.130.21.229
688,Tallie,Rispine,trispinej3@bbb.org,Male,34.179.97.20
689,Tallou,Sulter,tsulterj4@cnbc.com,Female,9.163.241.43
690,Odessa,Cranke,ocrankej5@sciencedaily.com,Female,109.16.18.237
691,Therese,Pelfer,tpelferj6@lycos.com,Female,80.132.158.227
692,Den,Bussen,dbussenj7@jiathis.com,Male,128.88.13.178
693,Lyell,Plank,lplankj8@google.it,Male,254.91.49.253
694,Wylie,Goodger,wgoodgerj9@nih.gov,Male,173.134.50.60
695,Brnaby,De Bruijne,bdebruijneja@blinklist.com,Male,133.203.226.153
696,Ambrosi,O' Concannon,aoconcannonjb@zimbio.com,Male,183.52.77.82
697,Dalila,Conniam,dconniamjc@posterous.com,Female,84.10.110.37
698,Madison,Badrock,mbadrockjd@blogs.com,Male,38.150.254.219
699,Cacilie,De Stoop,cdestoopje@theguardian.com,Female,155.198.43.61
700,Yolanda,Jewel,yjeweljf@printfriendly.com,Female,57.197.71.232
701,Brynne,Ascough,bascoughjg@shop-pro.jp,Female,66.5.217.154
702,Sashenka,Swindall,sswindalljh@sciencedaily.com,Female,202.2.211.144
703,Brocky,Olivera,boliveraji@virginia.edu,Male,156.37.95.73
704,Erinn,Fownes,efownesjj@oracle.com,Female,249.109.81.80
705,Priscella,Dani,pdanijk@diigo.com,Female,131.6.157.69
706,Bernadine,Cleef,bcleefjl@ucoz.com,Female,178.145.212.60
707,Noel,Sizey,nsizeyjm@yellowbook.com,Male,102.31.24.126
708,Arlan,Beenham,abeenhamjn@discuz.net,Male,53.253.87.26
709,Vevay,Mephan,vmephanjo@php.net,Female,142.217.209.156
710,Lanie,Kneeshaw,lkneeshawjp@dagondesign.com,Male,192.62.51.90
711,Lizbeth,Brusin,lbrusinjq@is.gd,Female,240.183.138.225
712,Delmore,Mitkin,dmitkinjr@blinklist.com,Male,43.131.217.128
713,Dione,Yitshak,dyitshakjs@spotify.com,Female,176.164.16.80
714,Misti,Mecchi,mmecchijt@fda.gov,Female,125.151.106.192
715,Emmy,Ainsworth,eainsworthju@ted.com,Male,3.76.168.19
716,Fanchon,Iacovielli,fiacoviellijv@example.com,Female,9.202.143.242
717,Ynes,Bransom,ybransomjw@wunderground.com,Female,232.81.159.42
718,Susanetta,Adderson,saddersonjx@wufoo.com,Female,185.204.245.120
719,Reginauld,Hammerton,rhammertonjy@multiply.com,Male,23.241.65.50
720,Nial,Shillitoe,nshillitoejz@scribd.com,Male,6.44.213.199
721,Reine,Curedale,rcuredalek0@thetimes.co.uk,Female,0.223.91.220
722,Cherlyn,Arnley,carnleyk1@npr.org,Female,191.162.49.184
723,Trumann,Symper,tsymperk2@deliciousdays.com,Male,81.131.220.178
724,Jedidiah,Coomer,jcoomerk3@nbcnews.com,Male,186.179.97.60
725,Heinrick,Cadwallader,hcadwalladerk4@e-recht24.de,Male,34.99.114.87
726,Dorey,Mountney,dmountneyk5@wunderground.com,Female,176.0.189.184
727,Quincy,Ashwell,qashwellk6@geocities.jp,Agender,252.219.11.74
728,Randa,Water,rwaterk7@economist.com,Female,252.229.102.173
729,Yuri,Foggo,yfoggok8@ucla.edu,Non-binary,71.225.218.213
730,Hy,Grossier,hgrossierk9@prweb.com,Male,78.12.125.5
731,Demetrius,McQuorkell,dmcquorkellka@tumblr.com,Male,213.79.46.211
732,Angelico,Denmead,adenmeadkb@rambler.ru,Genderfluid,248.184.68.190
733,Deonne,Stollhofer,dstollhoferkc@posterous.com,Female,134.48.81.111
734,Alma,Gosby,agosbykd@ucoz.ru,Female,199.248.176.28
735,Leland,Chaloner,lchalonerke@cafepress.com,Male,123.226.7.42
736,Blakelee,Antonopoulos,bantonopouloskf@amazon.co.uk,Female,190.142.33.172
737,Bibbie,Loveday,blovedaykg@pinterest.com,Female,128.2.220.244
738,Roland,Signe,rsignekh@icio.us,Male,101.159.228.36
739,Sada,Chasmoor,schasmoorki@mac.com,Female,123.138.142.68
740,Lorry,Tingly,ltinglykj@vistaprint.com,Female,11.166.36.242
741,Alaine,Zecchii,azecchiikk@goo.gl,Female,181.221.219.159
742,Adaline,Di Carli,adicarlikl@wired.com,Female,12.186.171.104
743,Clim,Botterell,cbotterellkm@prweb.com,Male,14.73.19.226
744,Reginauld,Semmens,rsemmenskn@hubpages.com,Male,69.255.156.108
745,Jammal,Bartolomeu,jbartolomeuko@hp.com,Male,234.168.168.14
746,Corrie,Karslake,ckarslakekp@loc.gov,Polygender,184.54.206.85
747,Henri,Laurenceau,hlaurenceaukq@altervista.org,Non-binary,252.227.204.156
748,Francisco,Slyvester,fslyvesterkr@goo.gl,Male,240.240.79.201
749,Aeriell,Mourton,amourtonks@bravesites.com,Female,17.144.22.150
750,Malissa,Paal,mpaalkt@tumblr.com,Female,253.56.233.75
751,Wilbur,Gelland,wgellandku@ft.com,Male,41.142.119.59
752,Warren,Vittet,wvittetkv@nhs.uk,Male,38.222.142.247
753,Janka,Hookes,jhookeskw@craigslist.org,Female,247.220.240.39
754,Brett,Hatherall,bhatherallkx@infoseek.co.jp,Female,242.153.119.224
755,Parsifal,Cuniam,pcuniamky@sciencedirect.com,Male,224.45.93.217
756,Mair,Everall,meverallkz@odnoklassniki.ru,Female,62.84.104.227
757,Larine,Wheatman,lwheatmanl0@tumblr.com,Female,157.130.157.234
758,Mohandis,Blencowe,mblencowel1@craigslist.org,Male,64.63.72.123
759,Peg,Myott,pmyottl2@chronoengine.com,Female,237.64.237.159
760,Leone,Dartan,ldartanl3@de.vu,Female,2.217.32.97
761,Ricardo,Hellmer,rhellmerl4@1688.com,Male,98.144.128.160
762,Richie,Arlett,rarlettl5@xinhuanet.com,Male,159.167.135.251
763,Esma,Trusslove,etrusslovel6@google.it,Female,236.125.173.126
764,Patrick,Goodale,pgoodalel7@ca.gov,Male,51.225.88.207
765,Audie,Graham,agrahaml8@woothemes.com,Female,133.206.207.217
766,Alric,Pilfold,apilfoldl9@rambler.ru,Polygender,172.152.242.160
767,Hamish,Djorevic,hdjorevicla@dmoz.org,Male,60.59.141.240
768,Willow,Chatterton,wchattertonlb@indiatimes.com,Female,50.101.55.55
769,Guntar,Dominguez,gdominguezlc@mayoclinic.com,Male,56.179.83.199
770,Cody,Di Frisco,cdifriscold@blogger.com,Male,73.155.56.206
771,Inglis,Tippin,itippinle@indiatimes.com,Male,113.181.156.70
772,Brennen,McPhaden,bmcphadenlf@nsw.gov.au,Male,134.103.120.238
773,Ellyn,Bullivent,ebulliventlg@cargocollective.com,Female,15.190.55.220
774,Bethina,Buesnel,bbuesnellh@cocolog-nifty.com,Female,249.194.177.96
775,Tarah,Haensel,thaenselli@sbwire.com,Female,206.118.129.192
776,Leonidas,Neave,lneavelj@delicious.com,Male,77.15.173.204
777,Clair,Culter,cculterlk@cpanel.net,Female,214.200.175.190
778,Amii,Sebright,asebrightll@51.la,Female,75.48.174.148
779,Bee,Baudacci,bbaudaccilm@ustream.tv,Female,119.231.108.166
780,Cahra,Payley,cpayleyln@oakley.com,Female,87.100.243.154
781,Madelyn,Fattorini,mfattorinilo@t-online.de,Female,84.52.7.116
782,Pippa,Whild,pwhildlp@alibaba.com,Female,145.67.8.65
783,Tymothy,Runcieman,trunciemanlq@nhs.uk,Male,114.233.5.197
784,Torey,Perham,tperhamlr@google.pl,Female,235.73.227.142
785,Staford,Castellanos,scastellanosls@cocolog-nifty.com,Male,207.72.203.171
786,Earle,Wharlton,ewharltonlt@example.com,Male,115.232.190.185
787,Norene,Calvert,ncalvertlu@tinypic.com,Female,25.34.185.184
788,Clarinda,De Beauchemp,cdebeauchemplv@umich.edu,Female,124.225.0.49
789,Ali,Lobbe,alobbelw@fotki.com,Female,67.189.222.136
790,Mandel,Newport,mnewportlx@sohu.com,Male,156.129.191.180
791,Skipper,Patrick,spatrickly@so-net.ne.jp,Male,43.112.246.192
792,Lizzy,Pentecust,lpentecustlz@goo.gl,Female,18.95.151.169
793,Pyotr,Metzig,pmetzigm0@zdnet.com,Polygender,198.197.93.185
794,Genevieve,Liptrod,gliptrodm1@123-reg.co.uk,Female,108.0.193.133
795,Stepha,Hissett,shissettm2@feedburner.com,Female,246.212.39.164
796,Lishe,Gabbitis,lgabbitism3@guardian.co.uk,Agender,196.252.196.171
797,Lewes,Maling,lmalingm4@ehow.com,Male,43.49.207.133
798,Kain,Pantecost,kpantecostm5@va.gov,Male,247.77.96.252
799,Cicily,Pilbeam,cpilbeamm6@google.co.jp,Female,67.117.254.191
800,Barbra,Bignal,bbignalm7@about.com,Female,252.165.107.82
801,Dud,Lamey,dlameym8@multiply.com,Male,186.140.72.151
802,Damon,Ibbeson,dibbesonm9@independent.co.uk,Male,122.179.236.22
803,Shirlene,Fasset,sfassetma@shop-pro.jp,Female,151.151.143.201
804,Car,Galton,cgaltonmb@businessinsider.com,Male,52.110.21.180
805,Bernelle,Dregan,bdreganmc@digg.com,Female,133.63.51.240
806,Trista,Pegler,tpeglermd@imdb.com,Female,205.190.84.132
807,Elinor,Rabbitt,erabbittme@digg.com,Female,160.124.239.30
808,Myer,Rocca,mroccamf@netvibes.com,Male,12.74.248.179
809,Aldous,Hatzar,ahatzarmg@latimes.com,Male,122.138.39.188
810,Haze,Conisbee,hconisbeemh@dailymail.co.uk,Genderqueer,11.172.50.196
811,Yetta,Serridge,yserridgemi@github.com,Female,188.111.100.122
812,Ariela,Paulon,apaulonmj@apache.org,Female,197.59.237.72
813,Gard,Cawthry,gcawthrymk@toplist.cz,Male,33.39.208.132
814,Ogdan,Durber,odurberml@github.io,Male,186.109.88.163
815,Vincents,Milham,vmilhammm@columbia.edu,Male,156.240.17.131
816,Amalia,Bampfield,abampfieldmn@godaddy.com,Female,222.27.131.188
817,Karlotte,Neising,kneisingmo@usatoday.com,Female,27.224.51.247
818,Grove,Ruddin,gruddinmp@smugmug.com,Male,182.160.37.101
819,Gretchen,Popworth,gpopworthmq@wikispaces.com,Female,104.64.210.10
820,Adham,Tenant,atenantmr@mashable.com,Male,232.113.2.141
821,Farica,Frid,ffridms@photobucket.com,Female,146.53.205.242
822,Krystal,Bartrum,kbartrummt@seesaa.net,Female,9.151.93.62
823,Iris,Goodyer,igoodyermu@umich.edu,Female,210.42.107.131
824,Zulema,Shepperd,zshepperdmv@free.fr,Female,9.61.57.24
825,Ingmar,Nanni,inannimw@dell.com,Male,61.180.157.97
826,Lorelei,Jerrand,ljerrandmx@list-manage.com,Female,39.97.67.38
827,Elladine,Cartmer,ecartmermy@bluehost.com,Female,154.231.153.160
828,Vivianne,Kerin,vkerinmz@multiply.com,Female,27.208.100.207
829,Iago,Berfoot,iberfootn0@chicagotribune.com,Male,53.51.134.96
830,Marius,Tremain,mtremainn1@blinklist.com,Male,60.38.139.235
831,Marcille,Croft,mcroftn2@hubpages.com,Female,207.204.186.248
832,Joy,Wolfit,jwolfitn3@mac.com,Female,215.134.140.240
833,Sibby,Clacson,sclacsonn4@imageshack.us,Female,167.180.248.171
834,Marcellus,Kingsnode,mkingsnoden5@fastcompany.com,Male,187.159.33.122
835,Filia,Plampin,fplampinn6@arstechnica.com,Polygender,86.161.208.235
836,Jimmy,Seawell,jseawelln7@freewebs.com,Male,144.14.186.212
837,Laurent,Niemetz,lniemetzn8@washington.edu,Male,85.21.152.241
838,Chantalle,Hintzer,chintzern9@census.gov,Female,73.235.34.35
839,Ellwood,Pernell,epernellna@de.vu,Male,39.0.215.240
840,Kendall,Frushard,kfrushardnb@desdev.cn,Male,94.145.222.92
841,Eleen,Oslar,eoslarnc@washington.edu,Female,198.2.41.244
842,Bab,Limpertz,blimpertznd@zdnet.com,Polygender,41.126.52.61
843,Cassy,Gregoletti,cgregolettine@storify.com,Female,91.57.242.222
844,Wilmer,Sineath,wsineathnf@home.pl,Male,42.219.91.242
845,Gerrie,Meachan,gmeachanng@wikimedia.org,Polygender,249.178.193.111
846,Brianna,Haggie,bhaggienh@yelp.com,Female,206.214.234.220
847,Ignace,Simonutti,isimonuttini@mac.com,Male,189.75.55.88
848,Olag,Lipman,olipmannj@deliciousdays.com,Male,33.197.62.101
849,Philipa,Crewther,pcrewthernk@mlb.com,Female,248.30.190.207
850,Orbadiah,Spence,ospencenl@macromedia.com,Male,14.218.54.163
851,Hurleigh,Muat,hmuatnm@nydailynews.com,Male,76.112.209.133
852,Regen,Wilprecht,rwilprechtnn@ebay.com,Male,57.127.73.113
853,Stormi,Hubball,shubballno@tuttocitta.it,Female,63.184.35.9
854,Basia,Hastings,bhastingsnp@multiply.com,Female,25.85.125.234
855,Ritchie,Hounson,rhounsonnq@woothemes.com,Male,243.242.224.35
856,Reinold,Cuchey,rcucheynr@mayoclinic.com,Male,79.181.178.192
857,Cissiee,Waddup,cwaddupns@cbc.ca,Female,168.231.66.37
858,Kathi,Jackling,kjacklingnt@yale.edu,Female,167.239.98.135
859,Claudia,McLinden,cmclindennu@linkedin.com,Female,178.221.247.88
860,Maurits,Aspey,maspeynv@huffingtonpost.com,Male,135.253.210.203
861,Alfi,Fewster,afewsternw@edublogs.org,Female,38.83.71.14
862,Siobhan,Franek,sfraneknx@squarespace.com,Female,39.213.2.161
863,Dynah,Lotze,dlotzeny@eventbrite.com,Female,16.58.15.131
864,Hewet,Manes,hmanesnz@sitemeter.com,Male,28.227.67.196
865,Norma,Sighart,nsigharto0@spotify.com,Female,17.128.194.38
866,Georgie,Dovidian,gdovidiano1@cocolog-nifty.com,Male,228.96.67.84
867,Emili,Bolderson,eboldersono2@odnoklassniki.ru,Female,111.123.120.147
868,Westleigh,O' Markey,womarkeyo3@yahoo.co.jp,Male,133.98.101.94
869,Larry,Daughtrey,ldaughtreyo4@dagondesign.com,Male,143.145.20.122
870,Dion,Brightwell,dbrightwello5@xrea.com,Male,110.56.50.7
871,Franny,Piercy,fpiercyo6@goodreads.com,Male,149.18.232.0
872,Sanson,Kolodziej,skolodziejo7@yelp.com,Male,175.187.189.75
873,Libbi,Dunge,ldungeo8@reddit.com,Female,236.38.131.73
874,Freddie,Paynes,fpayneso9@newsvine.com,Female,48.66.69.117
875,Avram,Petegre,apetegreoa@simplemachines.org,Male,3.137.250.36
876,Doria,Chstney,dchstneyob@pinterest.com,Female,116.108.212.125
877,Brew,Crockatt,bcrockattoc@infoseek.co.jp,Male,220.115.207.192
878,Sophia,Tate,stateod@europa.eu,Female,93.135.196.172
879,Petronella,Tongue,ptongueoe@ucoz.com,Female,138.146.17.113
880,Meier,Sparshatt,msparshattof@printfriendly.com,Male,103.120.242.214
881,Arlene,Leile,aleileog@narod.ru,Female,141.97.117.123
882,Paloma,Coultous,pcoultousoh@rediff.com,Female,230.70.18.146
883,Rustie,Nottingam,rnottingamoi@cbc.ca,Male,13.239.4.176
884,Isaak,Beceril,ibeceriloj@arstechnica.com,Male,50.180.91.213
885,Clifford,Nice,cniceok@is.gd,Male,54.31.203.159
886,Miquela,Cyseley,mcyseleyol@scientificamerican.com,Female,249.116.113.227
887,Pippy,Oliphand,poliphandom@yandex.ru,Female,157.226.91.235
888,Jaye,Helder,jhelderon@nifty.com,Male,163.168.91.56
889,Claudie,Duligal,cduligaloo@google.com.au,Female,50.136.247.139
890,Kass,Chaperling,kchaperlingop@mapquest.com,Genderfluid,250.86.132.252
891,Frederic,Edinboro,fedinborooq@intel.com,Male,32.116.129.152
892,Claire,Claye,cclayeor@vinaora.com,Male,115.156.236.35
893,Aymer,Roulston,aroulstonos@umn.edu,Male,134.63.110.32
894,Lorie,Caltun,lcaltunot@cdc.gov,Female,167.87.13.86
895,Salomone,Boughen,sboughenou@constantcontact.com,Male,2.7.254.219
896,Hatty,Biesinger,hbiesingerov@mashable.com,Female,70.230.7.94
897,Elsey,Murkitt,emurkittow@so-net.ne.jp,Female,242.240.100.94
898,Adrian,Lombard,alombardox@miibeian.gov.cn,Male,226.199.242.5
899,Flo,George,fgeorgeoy@nydailynews.com,Female,100.56.13.73
900,Pascal,Lawrie,plawrieoz@feedburner.com,Male,23.61.176.206
901,Cecilia,Okey,cokeyp0@ocn.ne.jp,Female,250.94.29.46
902,Dione,Ebrall,debrallp1@amazon.co.uk,Female,146.61.23.106
903,Darya,Sprules,dsprulesp2@tamu.edu,Female,49.172.120.9
904,Alwyn,Firbanks,afirbanksp3@smugmug.com,Male,54.252.78.9
905,Carita,Putman,cputmanp4@chron.com,Female,43.201.22.10
906,Arlen,Roman,aromanp5@virginia.edu,Male,48.3.202.4
907,Mireille,Jerschke,mjerschkep6@netlog.com,Female,244.105.158.210
908,Kennett,Dart,kdartp7@craigslist.org,Male,39.210.66.204
909,Berti,Levesley,blevesleyp8@economist.com,Male,185.15.129.192
910,Hazel,Povah,hpovahp9@flavors.me,Male,145.160.227.226
911,Hedwig,Benedetti,hbenedettipa@amazonaws.com,Polygender,12.172.55.144
912,Townsend,Kares,tkarespb@hatena.ne.jp,Male,103.174.226.125
913,Micheal,Middlebrook,mmiddlebrookpc@i2i.jp,Male,233.134.91.252
914,Lynelle,Dowry,ldowrypd@va.gov,Female,172.26.251.230
915,Edd,Monument,emonumentpe@freewebs.com,Male,43.186.55.87
916,Atalanta,Helliker,ahellikerpf@gov.uk,Female,65.200.165.140
917,Buddie,Sprowle,bsprowlepg@miitbeian.gov.cn,Male,77.13.213.163
918,Hall,Bedow,hbedowph@liveinternet.ru,Male,61.223.34.74
919,Fergus,Garratty,fgarrattypi@vkontakte.ru,Male,208.238.178.50
920,Shelli,Thirst,sthirstpj@squidoo.com,Female,132.99.68.204
921,Worden,Blackmuir,wblackmuirpk@friendfeed.com,Male,164.74.58.231
922,Rafe,Lesslie,rlessliepl@skype.com,Male,114.130.157.15
923,Bruno,Koeppke,bkoeppkepm@list-manage.com,Male,66.75.144.255
924,Honey,Billington,hbillingtonpn@dailymail.co.uk,Female,62.146.237.107
925,Amandi,Shallcrass,ashallcrasspo@fda.gov,Female,45.231.196.141
926,Corbin,Vlasenko,cvlasenkopp@behance.net,Male,193.125.127.12
927,Cindie,Novic,cnovicpq@wordpress.org,Female,111.82.76.234
928,Hortense,Rama,hramapr@homestead.com,Female,36.249.228.148
929,Sonia,Meakin,smeakinps@si.edu,Female,24.144.173.37
930,Lammond,Eddie,leddiept@flickr.com,Male,239.197.5.191
931,Alessandra,Fontel,afontelpu@archive.org,Female,209.162.186.92
932,Jens,Tweed,jtweedpv@sitemeter.com,Male,27.173.181.201
933,Kayla,Duchart,kduchartpw@vistaprint.com,Female,193.84.40.100
934,Vinny,Crawcour,vcrawcourpx@shop-pro.jp,Female,24.8.236.222
935,Leeanne,Glasebrook,lglasebrookpy@alibaba.com,Genderfluid,59.38.176.218
936,Noble,Volonte,nvolontepz@businessinsider.com,Male,175.141.228.232
937,Gar,Widdop,gwiddopq0@yellowbook.com,Male,215.32.197.131
938,Derick,Allbrook,dallbrookq1@redcross.org,Male,74.66.21.186
939,Clareta,Crandon,ccrandonq2@admin.ch,Female,23.77.43.197
940,Luis,Pinn,lpinnq3@apache.org,Male,82.24.107.245
941,Dory,Lindwasser,dlindwasserq4@blogtalkradio.com,Male,67.65.254.124
942,Carce,Mathys,cmathysq5@mapquest.com,Male,70.173.11.97
943,Cele,Riggott,criggottq6@smugmug.com,Female,19.68.139.31
944,Suzann,Grieve,sgrieveq7@hubpages.com,Non-binary,78.83.153.170
945,Johan,Dries,jdriesq8@shutterfly.com,Male,98.128.54.94
946,Hashim,Napton,hnaptonq9@seattletimes.com,Male,66.123.197.100
947,Arri,Fessier,afessierqa@istockphoto.com,Male,28.205.98.171
948,Briny,Georger,bgeorgerqb@quantcast.com,Female,96.102.28.142
949,Valentina,Coulthard,vcoulthardqc@cmu.edu,Female,72.158.35.197
950,Horatio,Poytheras,hpoytherasqd@acquirethisname.com,Male,121.109.52.116
951,Heriberto,Garrique,hgarriqueqe@hugedomains.com,Male,131.108.191.59
952,Carena,Oselton,coseltonqf@samsung.com,Female,150.254.3.158
953,Ellynn,Sandercroft,esandercroftqg@craigslist.org,Bigender,42.142.71.113
954,Ruddie,Loadman,rloadmanqh@springer.com,Male,35.193.94.109
955,Alidia,Branche,abrancheqi@friendfeed.com,Female,191.15.178.245
956,Diandra,Scougal,dscougalqj@bravesites.com,Female,103.150.60.196
957,Nevile,Venney,nvenneyqk@prweb.com,Male,13.193.159.192
958,Rosemaria,Bathowe,rbathoweql@businessweek.com,Female,85.2.71.186
959,Chrissie,Bunnell,cbunnellqm@pagesperso-orange.fr,Male,137.5.52.188
960,Idette,Hawkings,ihawkingsqn@google.it,Female,245.0.55.206
961,Nester,Dumphreys,ndumphreysqo@vistaprint.com,Male,38.216.252.85
962,Gayleen,Monsey,gmonseyqp@slashdot.org,Female,234.131.42.55
963,Penelopa,Larcher,plarcherqq@odnoklassniki.ru,Female,79.106.58.179
964,Rheba,Paxforde,rpaxfordeqr@pbs.org,Female,70.240.165.177
965,Cleveland,Harlett,charlettqs@so-net.ne.jp,Male,94.189.149.37
966,Alon,Boase,aboaseqt@independent.co.uk,Male,9.120.124.146
967,Emyle,Ledingham,eledinghamqu@github.io,Female,222.20.161.46
968,Gay,Lindborg,glindborgqv@simplemachines.org,Male,197.198.94.224
969,Ozzie,Terbrug,oterbrugqw@quantcast.com,Male,7.29.197.110
970,Nickie,Grinter,ngrinterqx@seattletimes.com,Genderfluid,17.255.25.110
971,Sheffield,Dadley,sdadleyqy@webs.com,Male,166.4.111.246
972,Junette,Hepher,jhepherqz@mayoclinic.com,Female,5.157.162.135
973,Benedicta,Angliss,banglissr0@epa.gov,Genderqueer,146.55.201.222
974,Reinaldos,Filipczynski,rfilipczynskir1@topsy.com,Male,29.204.243.67
975,Laurena,Wallwork,lwallworkr2@unblog.fr,Female,40.131.250.71
976,Ally,Gergler,agerglerr3@merriam-webster.com,Female,101.166.219.193
977,Conn,McGuffie,cmcguffier4@mlb.com,Male,34.207.226.89
978,Robina,Barnewelle,rbarneweller5@bbb.org,Female,253.123.119.54
979,Orelie,Woolveridge,owoolveridger6@51.la,Female,125.202.188.190
980,Palm,Ruzic,pruzicr7@webs.com,Male,234.104.181.128
981,Daile,Hayle,dhayler8@kickstarter.com,Female,238.86.86.121
982,Moss,Swallwell,mswallwellr9@github.com,Male,7.225.187.19
983,Vidovik,Aguilar,vaguilarra@blogs.com,Male,253.228.235.78
984,Teodoor,Sherrell,tsherrellrb@yellowpages.com,Genderqueer,156.221.32.238
985,Gaspard,Baggs,gbaggsrc@fda.gov,Male,35.187.17.251
986,Jenna,Tippell,jtippellrd@ebay.co.uk,Female,192.211.114.32
987,Janella,Lavarack,jlavarackre@craigslist.org,Polygender,207.20.126.112
988,Trevar,Donovan,tdonovanrf@google.ca,Male,87.123.150.188
989,Tiffanie,Rabidge,trabidgerg@omniture.com,Female,148.174.137.51
990,Freemon,Toleman,ftolemanrh@walmart.com,Male,181.95.93.152
991,Ber,Breawood,bbreawoodri@google.com.br,Male,2.255.78.165
992,Corri,McKeran,cmckeranrj@un.org,Genderfluid,6.205.189.158
993,Rubi,Pammenter,rpammenterrk@webmd.com,Female,86.152.97.254
994,Aileen,Blesdill,ablesdillrl@marriott.com,Female,114.237.244.54
995,Ludvig,Oakinfold,loakinfoldrm@drupal.org,Male,183.221.188.245
996,Colby,Waleran,cwaleranrn@angelfire.com,Male,172.190.165.199
997,Lucine,Brideaux,lbrideauxro@nydailynews.com,Female,171.214.53.170
998,Collen,Parradye,cparradyerp@163.com,Female,146.142.246.72
999,Timofei,Dugall,tdugallrq@msn.com,Male,42.83.254.138
1000,Wilona,Lidell,wlidellrr@plala.or.jp,Female,7.230.33.9
